{
  "training_latency": {
    "training_ms": {
      "count": 1,
      "mean": 218.23358535766602,
      "min": 218.23358535766602,
      "max": 218.23358535766602,
      "std": 0.0,
      "p50": 218.23358535766602,
      "p95": 218.23358535766602,
      "p99": 218.23358535766602
    }
  },
  "inference_latency": {},
  "timestamp": 1747109307.470586,
  "hardware_info": {
    "cpu": "Unknown",
    "gpu": "NVIDIA GH200",
    "memory": "Unknown"
  }
}