{
  "training_latency": {
    "training_ms": {
      "count": 1,
      "mean": 228.19781303405762,
      "min": 228.19781303405762,
      "max": 228.19781303405762,
      "std": 0.0,
      "p50": 228.19781303405762,
      "p95": 228.19781303405762,
      "p99": 228.19781303405762
    }
  },
  "inference_latency": {},
  "timestamp": 1747109547.3037043,
  "hardware_info": {
    "cpu": "Unknown",
    "gpu": "NVIDIA GH200",
    "memory": "Unknown"
  }
}