{
  "training_latency": {
    "training_ms": {
      "count": 1,
      "mean": 220.95799446105957,
      "min": 220.95799446105957,
      "max": 220.95799446105957,
      "std": 0.0,
      "p50": 220.95799446105957,
      "p95": 220.95799446105957,
      "p99": 220.95799446105957
    }
  },
  "inference_latency": {},
  "timestamp": 1747110390.6734736,
  "hardware_info": {
    "cpu": "Unknown",
    "gpu": "NVIDIA GH200",
    "memory": "Unknown"
  }
}