{
  "means": [
    60.21711349487305,
    60.192142486572266,
    60.24127960205078,
    0.04915023595094681,
    60.858543395996094,
    59.1438102722168,
    4247476.5,
    60.08285140991211,
    50.0,
    -2.67098922664198e-16,
    0.0,
    0.0,
    0.0,
    0.0,
    0.0,
    0.0
  ],
  "stds": [
    72.61589050292969,
    72.58732604980469,
    72.6448974609375,
    0.0943259671330452,
    73.27767944335938,
    71.36634063720703,
    12477692.0,
    72.4630355834961,
    0.0,
    3.914910049244123e-15,
    0.0,
    0.0,
    0.0,
    0.0,
    0.0,
    0.0
  ],
  "feature_names": [
    "last_price",
    "bid_price",
    "ask_price",
    "bid_ask_spread",
    "high_price",
    "low_price",
    "volume",
    "vwap",
    "rsi_14",
    "macd",
    "bb_upper",
    "bb_middle",
    "bb_lower",
    "volume_acceleration",
    "price_change_5m",
    "momentum_1m"
  ]
}