{
  "training_latency": {
    "training_ms": {
      "count": 1,
      "mean": 204.21886444091797,
      "min": 204.21886444091797,
      "max": 204.21886444091797,
      "std": 0.0,
      "p50": 204.21886444091797,
      "p95": 204.21886444091797,
      "p99": 204.21886444091797
    }
  },
  "inference_latency": {},
  "timestamp": 1747109065.3881528,
  "hardware_info": {
    "cpu": "Unknown",
    "gpu": "NVIDIA GH200",
    "memory": "Unknown"
  }
}