{
  "training_latency": {
    "training_ms": {
      "count": 1,
      "mean": 38.4063720703125,
      "min": 38.4063720703125,
      "max": 38.4063720703125,
      "std": 0.0,
      "p50": 38.4063720703125,
      "p95": 38.4063720703125,
      "p99": 38.4063720703125
    }
  },
  "inference_latency": {},
  "timestamp": 1747110508.9660573,
  "hardware_info": {
    "cpu": "Unknown",
    "gpu": "NVIDIA GH200",
    "memory": "Unknown"
  }
}