{
  "means": [
    58.528778076171875,
    58.464874267578125,
    58.59408187866211,
    0.12916430830955505,
    59.15864562988281,
    57.71839904785156,
    248479.578125,
    58.48849868774414,
    50.0,
    -1.295672285748115e-16,
    0.0,
    0.0,
    0.0,
    0.0,
    0.0,
    0.0
  ],
  "stds": [
    74.210205078125,
    74.09722900390625,
    74.33375549316406,
    1.2148011922836304,
    75.40182495117188,
    73.15425109863281,
    111330.046875,
    74.3159408569336,
    0.0,
    4.296202777483594e-15,
    0.0,
    0.0,
    0.0,
    0.0,
    0.0,
    0.0
  ],
  "feature_names": [
    "last_price",
    "bid_price",
    "ask_price",
    "bid_ask_spread",
    "high_price",
    "low_price",
    "volume",
    "vwap",
    "rsi_14",
    "macd",
    "bb_upper",
    "bb_middle",
    "bb_lower",
    "volume_acceleration",
    "price_change_5m",
    "momentum_1m"
  ]
}