{
  "means": [
    1.969253659248352,
    1.9543328285217285,
    1.9860947132110596,
    0.03176092728972435,
    2.0599122047424316,
    1.889039158821106,
    2013448.125,
    1.9757736921310425,
    50.0,
    -3.727270049899655e-18,
    0.0,
    0.0,
    0.0,
    0.0,
    0.0,
    0.0
  ],
  "stds": [
    1.3328224420547485,
    1.3254066705703735,
    1.3413363695144653,
    0.05494571849703789,
    1.3889323472976685,
    1.2939121723175049,
    9737797.0,
    1.340606927871704,
    0.0,
    9.543276694741866e-17,
    0.0,
    0.0,
    0.0,
    0.0,
    0.0,
    0.0
  ],
  "feature_names": [
    "last_price",
    "bid_price",
    "ask_price",
    "bid_ask_spread",
    "high_price",
    "low_price",
    "volume",
    "vwap",
    "rsi_14",
    "macd",
    "bb_upper",
    "bb_middle",
    "bb_lower",
    "volume_acceleration",
    "price_change_5m",
    "momentum_1m"
  ]
}