{
  "means": [
    139.14508056640625,
    139.08978271484375,
    139.1988983154297,
    0.1090501993894577,
    140.38958740234375,
    136.73159790039062,
    3931922.0,
    138.8089599609375,
    50.0,
    -8.4352141335278e-16,
    0.0,
    0.0,
    0.0,
    0.0,
    0.0,
    0.0
  ],
  "stds": [
    124.71952056884766,
    124.65821075439453,
    124.78418731689453,
    0.18567706644535065,
    125.93304443359375,
    122.42704010009766,
    12496161.0,
    124.475341796875,
    0.0,
    8.649134739576597e-15,
    0.0,
    0.0,
    0.0,
    0.0,
    0.0,
    0.0
  ],
  "feature_names": [
    "last_price",
    "bid_price",
    "ask_price",
    "bid_ask_spread",
    "high_price",
    "low_price",
    "volume",
    "vwap",
    "rsi_14",
    "macd",
    "bb_upper",
    "bb_middle",
    "bb_lower",
    "volume_acceleration",
    "price_change_5m",
    "momentum_1m"
  ]
}