{
  "means": [
    49.4651985168457,
    49.21549606323242,
    49.25654983520508,
    0.041088104248046875,
    49.99357604980469,
    48.5560188293457,
    4603264.5,
    49.34467315673828,
    50.0,
    -2.4435767290847367e-17,
    0.0,
    0.0,
    0.0,
    0.0,
    0.0,
    0.0
  ],
  "stds": [
    69.36759185791016,
    69.43643188476562,
    69.48657989501953,
    0.0750177651643753,
    69.9785385131836,
    68.17115020751953,
    13275644.0,
    69.20873260498047,
    0.0,
    4.513654769768612e-15,
    0.0,
    0.0,
    0.0,
    0.0,
    0.0,
    0.0
  ],
  "feature_names": [
    "last_price",
    "bid_price",
    "ask_price",
    "bid_ask_spread",
    "high_price",
    "low_price",
    "volume",
    "vwap",
    "rsi_14",
    "macd",
    "bb_upper",
    "bb_middle",
    "bb_lower",
    "volume_acceleration",
    "price_change_5m",
    "momentum_1m"
  ]
}