{
  "means": [
    17.184101104736328,
    17.173938751220703,
    17.194843292236328,
    0.020908664911985397,
    17.47429656982422,
    16.812660217285156,
    4874221.0,
    17.152671813964844,
    50.0,
    -6.467318898435237e-17,
    0.0,
    0.0,
    0.0,
    0.0,
    0.0,
    0.0
  ],
  "stds": [
    13.511298179626465,
    13.509703636169434,
    13.515077590942383,
    0.03223622962832451,
    13.620466232299805,
    13.321393013000488,
    13059783.0,
    13.471997261047363,
    0.0,
    9.590205496393307e-16,
    0.0,
    0.0,
    0.0,
    0.0,
    0.0,
    0.0
  ],
  "feature_names": [
    "last_price",
    "bid_price",
    "ask_price",
    "bid_ask_spread",
    "high_price",
    "low_price",
    "volume",
    "vwap",
    "rsi_14",
    "macd",
    "bb_upper",
    "bb_middle",
    "bb_lower",
    "volume_acceleration",
    "price_change_5m",
    "momentum_1m"
  ]
}