{
  "training_latency": {
    "training_ms": {
      "count": 1,
      "mean": 238.40045928955078,
      "min": 238.40045928955078,
      "max": 238.40045928955078,
      "std": 0.0,
      "p50": 238.40045928955078,
      "p95": 238.40045928955078,
      "p99": 238.40045928955078
    }
  },
  "inference_latency": {},
  "timestamp": 1747110270.673549,
  "hardware_info": {
    "cpu": "Unknown",
    "gpu": "NVIDIA GH200",
    "memory": "Unknown"
  }
}