{
  "training_latency": {
    "training_ms": {
      "count": 1,
      "mean": 202.34036445617676,
      "min": 202.34036445617676,
      "max": 202.34036445617676,
      "std": 0.0,
      "p50": 202.34036445617676,
      "p95": 202.34036445617676,
      "p99": 202.34036445617676
    }
  },
  "inference_latency": {},
  "timestamp": 1747109668.484946,
  "hardware_info": {
    "cpu": "Unknown",
    "gpu": "NVIDIA GH200",
    "memory": "Unknown"
  }
}