{
  "training_latency": {
    "training_ms": {
      "count": 1,
      "mean": 222.2440242767334,
      "min": 222.2440242767334,
      "max": 222.2440242767334,
      "std": 0.0,
      "p50": 222.2440242767334,
      "p95": 222.2440242767334,
      "p99": 222.2440242767334
    }
  },
  "inference_latency": {},
  "timestamp": 1747108945.9024732,
  "hardware_info": {
    "cpu": "Unknown",
    "gpu": "NVIDIA GH200",
    "memory": "Unknown"
  }
}